file,width,height,pvr_pixel_format,mips,bytes
chassis_BC.astc.pvr,1024,512,27,11,699156
chassis_MASK.astc.pvr,1024,512,27,11,699156
chassis_MISC.astc.pvr,512,256,27,10,174868
chassis_NM.astc.pvr,1024,512,27,11,699156
chassis_RM.astc.pvr,1024,512,27,11,699156
guns_BC.astc.pvr,1024,1024,27,11,1398196
guns_MASK.astc.pvr,1024,1024,27,11,1398196
guns_MISC.astc.pvr,512,512,27,10,349620
guns_NM.astc.pvr,1024,1024,27,11,1398196
guns_RM.astc.pvr,1024,1024,27,11,1398196
hull_01_BC.astc.pvr,2048,2048,27,12,5592500
hull_01_MASK.astc.pvr,2048,2048,27,12,5592500
hull_01_MISC.astc.pvr,1024,1024,27,11,1398196
hull_01_NM.astc.pvr,2048,2048,27,12,5592500
hull_01_RM.astc.pvr,2048,2048,27,12,5592500
hull_02_BC.astc.pvr,1024,1024,27,11,1398196
hull_02_MASK.astc.pvr,1024,1024,27,11,1398196
hull_02_MISC.astc.pvr,512,512,27,10,349620
hull_02_NM.astc.pvr,1024,1024,27,11,1398196
hull_02_RM.astc.pvr,1024,1024,27,11,1398196
net_BC.astc.pvr,256,256,27,9,87476
net_MASK.astc.pvr,256,256,27,9,87476
net_MISC.astc.pvr,128,128,27,8,21940
net_NM.astc.pvr,256,256,27,9,87476
net_RM.astc.pvr,256,256,27,9,87476
track_BC.astc.pvr,1024,256,27,11,349652
track_MASK.astc.pvr,1024,256,27,11,349652
track_MISC.astc.pvr,1024,256,27,11,349652
track_NM.astc.pvr,1024,256,27,11,349652
track_RM.astc.pvr,1024,256,27,11,349652
turret_BC.astc.pvr,2048,1024,27,12,2796308
turret_MASK.astc.pvr,2048,1024,27,12,2796308
turret_MISC.astc.pvr,1024,512,27,11,699156
turret_NM.astc.pvr,2048,1024,27,12,2796308
turret_RM.astc.pvr,2048,1024,27,12,2796308
